<?xml version="1.0" encoding="UTF-8"?>
<GenRun Id="impl_1" LaunchPart="xc7a35tcpg236-1" LaunchTime="1762452380">
  <File Type="ROUTE-PWR" Name="KeyboardToSevenSegment_power_routed.rpt"/>
  <File Type="PA-TCL" Name="KeyboardToSevenSegment.tcl"/>
  <File Type="ROUTE-PWR-SUM" Name="KeyboardToSevenSegment_power_summary_routed.pb"/>
  <File Type="REPORTS-TCL" Name="KeyboardToSevenSegment_reports.tcl"/>
  <File Type="OPT-RQA-PB" Name="KeyboardToSevenSegment_rqa_opted.pb"/>
  <File Type="BITSTR-MMI" Name="KeyboardToSevenSegment.mmi"/>
  <File Type="OPT-METHODOLOGY-DRC" Name="KeyboardToSevenSegment_methodology_drc_opted.rpt"/>
  <File Type="INIT-TIMING" Name="KeyboardToSevenSegment_timing_summary_init.rpt"/>
  <File Type="OPT-TIMING" Name="KeyboardToSevenSegment_timing_summary_opted.rpt"/>
  <File Type="OPT-DCP" Name="KeyboardToSevenSegment_opt.dcp"/>
  <File Type="OPT-DRC" Name="KeyboardToSevenSegment_drc_opted.rpt"/>
  <File Type="OPT-HWDEF" Name="KeyboardToSevenSegment.hwdef"/>
  <File Type="PWROPT-DCP" Name="KeyboardToSevenSegment_pwropt.dcp"/>
  <File Type="PWROPT-DRC" Name="KeyboardToSevenSegment_drc_pwropted.rpt"/>
  <File Type="PWROPT-TIMING" Name="KeyboardToSevenSegment_timing_summary_pwropted.rpt"/>
  <File Type="PLACE-DCP" Name="KeyboardToSevenSegment_placed.dcp"/>
  <File Type="PLACE-IO" Name="KeyboardToSevenSegment_io_placed.rpt"/>
  <File Type="PLACE-CLK" Name="KeyboardToSevenSegment_clock_utilization_placed.rpt"/>
  <File Type="PLACE-UTIL" Name="KeyboardToSevenSegment_utilization_placed.rpt"/>
  <File Type="PLACE-UTIL-PB" Name="KeyboardToSevenSegment_utilization_placed.pb"/>
  <File Type="PLACE-CTRL" Name="KeyboardToSevenSegment_control_sets_placed.rpt"/>
  <File Type="PLACE-SIMILARITY" Name="KeyboardToSevenSegment_incremental_reuse_placed.rpt"/>
  <File Type="PLACE-PRE-SIMILARITY" Name="KeyboardToSevenSegment_incremental_reuse_pre_placed.rpt"/>
  <File Type="BG-BIN" Name="KeyboardToSevenSegment.bin"/>
  <File Type="PLACE-TIMING" Name="KeyboardToSevenSegment_timing_summary_placed.rpt"/>
  <File Type="ROUTE-PWR-RPX" Name="KeyboardToSevenSegment_power_routed.rpx"/>
  <File Type="PLACE-RQA-PB" Name="KeyboardToSevenSegment_rqa_placed.pb"/>
  <File Type="POSTPLACE-PWROPT-DCP" Name="KeyboardToSevenSegment_postplace_pwropt.dcp"/>
  <File Type="BITSTR-MSK" Name="KeyboardToSevenSegment.msk"/>
  <File Type="POSTPLACE-PWROPT-TIMING" Name="KeyboardToSevenSegment_timing_summary_postplace_pwropted.rpt"/>
  <File Type="PHYSOPT-DCP" Name="KeyboardToSevenSegment_physopt.dcp"/>
  <File Type="PHYSOPT-DRC" Name="KeyboardToSevenSegment_drc_physopted.rpt"/>
  <File Type="BITSTR-RBT" Name="KeyboardToSevenSegment.rbt"/>
  <File Type="PHYSOPT-TIMING" Name="KeyboardToSevenSegment_timing_summary_physopted.rpt"/>
  <File Type="ROUTE-ERROR-DCP" Name="KeyboardToSevenSegment_routed_error.dcp"/>
  <File Type="ROUTE-DCP" Name="KeyboardToSevenSegment_routed.dcp"/>
  <File Type="ROUTE-BLACKBOX-DCP" Name="KeyboardToSevenSegment_routed_bb.dcp"/>
  <File Type="ROUTE-DRC" Name="KeyboardToSevenSegment_drc_routed.rpt"/>
  <File Type="ROUTE-DRC-PB" Name="KeyboardToSevenSegment_drc_routed.pb"/>
  <File Type="ROUTE-DRC-RPX" Name="KeyboardToSevenSegment_drc_routed.rpx"/>
  <File Type="ROUTE-METHODOLOGY-DRC" Name="KeyboardToSevenSegment_methodology_drc_routed.rpt"/>
  <File Type="ROUTE-METHODOLOGY-DRC-RPX" Name="KeyboardToSevenSegment_methodology_drc_routed.rpx"/>
  <File Type="ROUTE-METHODOLOGY-DRC-PB" Name="KeyboardToSevenSegment_methodology_drc_routed.pb"/>
  <File Type="ROUTE-RQS-PB" Name="KeyboardToSevenSegment_rqs_routed.pb"/>
  <File Type="ROUTE-STATUS" Name="KeyboardToSevenSegment_route_status.rpt"/>
  <File Type="ROUTE-STATUS-PB" Name="KeyboardToSevenSegment_route_status.pb"/>
  <File Type="ROUTE-TIMINGSUMMARY" Name="KeyboardToSevenSegment_timing_summary_routed.rpt"/>
  <File Type="ROUTE-TIMING-PB" Name="KeyboardToSevenSegment_timing_summary_routed.pb"/>
  <File Type="ROUTE-TIMING-RPX" Name="KeyboardToSevenSegment_timing_summary_routed.rpx"/>
  <File Type="ROUTE-SIMILARITY" Name="KeyboardToSevenSegment_incremental_reuse_routed.rpt"/>
  <File Type="ROUTE-CLK" Name="KeyboardToSevenSegment_clock_utilization_routed.rpt"/>
  <File Type="ROUTE-BUS-SKEW" Name="KeyboardToSevenSegment_bus_skew_routed.rpt"/>
  <File Type="ROUTE-BUS-SKEW-PB" Name="KeyboardToSevenSegment_bus_skew_routed.pb"/>
  <File Type="ROUTE-BUS-SKEW-RPX" Name="KeyboardToSevenSegment_bus_skew_routed.rpx"/>
  <File Type="POSTROUTE-PHYSOPT-DCP" Name="KeyboardToSevenSegment_postroute_physopt.dcp"/>
  <File Type="POSTROUTE-PHYSOPT-BLACKBOX-DCP" Name="KeyboardToSevenSegment_postroute_physopt_bb.dcp"/>
  <File Type="POSTROUTE-PHYSOPT-TIMING" Name="KeyboardToSevenSegment_timing_summary_postroute_physopted.rpt"/>
  <File Type="POSTROUTE-PHYSOPT-TIMING-PB" Name="KeyboardToSevenSegment_timing_summary_postroute_physopted.pb"/>
  <File Type="POSTROUTE-PHYSOPT-TIMING-RPX" Name="KeyboardToSevenSegment_timing_summary_postroute_physopted.rpx"/>
  <File Type="POSTROUTE-PHYSOPT-BUS-SKEW" Name="KeyboardToSevenSegment_bus_skew_postroute_physopted.rpt"/>
  <File Type="BG-BIT" Name="KeyboardToSevenSegment.bit"/>
  <File Type="POSTROUTE-PHYSOPT-BUS-SKEW-PB" Name="KeyboardToSevenSegment_bus_skew_postroute_physopted.pb"/>
  <File Type="POSTROUTE-PHYSOPT-BUS-SKEW-RPX" Name="KeyboardToSevenSegment_bus_skew_postroute_physopted.rpx"/>
  <File Type="BITSTR-NKY" Name="KeyboardToSevenSegment.nky"/>
  <File Type="BITSTR-BMM" Name="KeyboardToSevenSegment_bd.bmm"/>
  <File Type="PDI-FILE" Name="KeyboardToSevenSegment.pdi"/>
  <File Type="BOOT-PDI-FILE" Name="KeyboardToSevenSegment_soc.pdi"/>
  <File Type="PL-PDI-FILE" Name="KeyboardToSevenSegment_pld.pdi"/>
  <File Type="RCFI_FILE" Name="KeyboardToSevenSegment.rcfi"/>
  <File Type="CFI_FILE" Name="KeyboardToSevenSegment.cfi"/>
  <File Type="RNPI_FILE" Name="KeyboardToSevenSegment.rnpi"/>
  <File Type="NPI_FILE" Name="KeyboardToSevenSegment.npi"/>
  <File Type="RBD_FILE" Name="KeyboardToSevenSegment.rbd"/>
  <File Type="BITSTR-LTX" Name="debug_nets.ltx"/>
  <File Type="BITSTR-LTX" Name="KeyboardToSevenSegment.ltx"/>
  <File Type="BITSTR-SYSDEF" Name="KeyboardToSevenSegment.sysdef"/>
  <File Type="BG-BGN" Name="KeyboardToSevenSegment.bgn"/>
  <File Type="BG-DRC" Name="KeyboardToSevenSegment.drc"/>
  <File Type="RDI-RDI" Name="KeyboardToSevenSegment.vdi"/>
  <File Type="WBT-USG" Name="usage_statistics_webtalk.html"/>
  <File Type="ROUTE-RQS" Name="KeyboardToSevenSegment_routed.rqs"/>
  <File Type="POSTROUTE-PHYSOPT-RQS" Name="KeyboardToSevenSegment_postroute_physopted.rqs"/>
  <File Type="ROUTE-RQS-RPT" Name="route_report_qor_suggestions_0.rpt"/>
  <File Type="POSTROUTE-PHYSOPT-RQS-RPT" Name="postroute_physopt_report_qor_suggestions_0.rpt"/>
  <FileSet Name="sources" Type="DesignSrcs" RelSrcDir="$PSRCDIR/sources_1" RelGenDir="$PGENDIR/sources_1">
    <Filter Type="Srcs"/>
    <File Path="$PSRCDIR/sources_1/new/conditioner.sv">
      <FileInfo>
        <Attr Name="UsedIn" Val="synthesis"/>
        <Attr Name="UsedIn" Val="implementation"/>
        <Attr Name="UsedIn" Val="simulation"/>
      </FileInfo>
    </File>
    <File Path="$PSRCDIR/sources_1/new/ps2_decoder.sv">
      <FileInfo>
        <Attr Name="UsedIn" Val="synthesis"/>
        <Attr Name="UsedIn" Val="implementation"/>
        <Attr Name="UsedIn" Val="simulation"/>
      </FileInfo>
    </File>
    <File Path="$PSRCDIR/sources_1/new/seven_seg.sv">
      <FileInfo>
        <Attr Name="UsedIn" Val="synthesis"/>
        <Attr Name="UsedIn" Val="implementation"/>
        <Attr Name="UsedIn" Val="simulation"/>
      </FileInfo>
    </File>
    <File Path="$PSRCDIR/sources_1/new/keyboard_to_seven_seg.sv">
      <FileInfo>
        <Attr Name="UsedIn" Val="synthesis"/>
        <Attr Name="UsedIn" Val="implementation"/>
        <Attr Name="UsedIn" Val="simulation"/>
      </FileInfo>
    </File>
    <Config>
      <Option Name="DesignMode" Val="RTL"/>
      <Option Name="TopModule" Val="KeyboardToSevenSegment"/>
      <Option Name="TopAutoSet" Val="TRUE"/>
    </Config>
  </FileSet>
  <FileSet Name="constrs_in" Type="Constrs" RelSrcDir="$PSRCDIR/constrs_1" RelGenDir="$PGENDIR/constrs_1">
    <Filter Type="Constrs"/>
    <File Path="$PSRCDIR/constrs_1/imports/Desktop/Basys3_Master.xdc">
      <FileInfo>
        <Attr Name="ImportPath" Val="$PPRDIR/../../Users/sjneumayer/Desktop/Basys3_Master.xdc"/>
        <Attr Name="ImportTime" Val="1700522134"/>
        <Attr Name="UsedIn" Val="synthesis"/>
        <Attr Name="UsedIn" Val="implementation"/>
      </FileInfo>
    </File>
    <Config>
      <Option Name="ConstrsType" Val="XDC"/>
    </Config>
  </FileSet>
  <FileSet Name="utils" Type="Utils" RelSrcDir="$PSRCDIR/utils_1" RelGenDir="$PGENDIR/utils_1">
    <Filter Type="Utils"/>
    <File Path="$PSRCDIR/utils_1/imports/synth_1/keyboard_to_seven_seg.dcp">
      <FileInfo>
        <Attr Name="UsedIn" Val="synthesis"/>
        <Attr Name="UsedIn" Val="implementation"/>
        <Attr Name="UsedInSteps" Val="synth_1"/>
        <Attr Name="AutoDcp" Val="1"/>
      </FileInfo>
    </File>
    <Config>
      <Option Name="TopAutoSet" Val="TRUE"/>
    </Config>
  </FileSet>
  <Strategy Version="1" Minor="2">
    <StratHandle Name="Vivado Implementation Defaults" Flow="Vivado Implementation 2023"/>
    <Step Id="init_design"/>
    <Step Id="opt_design"/>
    <Step Id="power_opt_design"/>
    <Step Id="place_design"/>
    <Step Id="post_place_power_opt_design"/>
    <Step Id="phys_opt_design"/>
    <Step Id="route_design"/>
    <Step Id="post_route_phys_opt_design"/>
    <Step Id="write_bitstream"/>
  </Strategy>
</GenRun>
